IO,IO1,IO2,IO3,IO4,IO5,IO6,IO7,IO8,IO9,IO10,IO11,IO12,IO13,IO14,IO15,IO16,IO17,IO18,IO19,IO20,IO21,IO22,IO23,IO24,IO25,IO26,IO27,IO28,IO29,IO30,IO31,IO32,IO33,IO34,IO35,IO36,IO37,IO38,IO39,IO40,IO41,IO42,IO43,IO44,IO45,IO46,IO47,IO48,IO49,IO50,IO51,IO52,IO53,IO54,IO55,IO56,IO57,IO58,IO59
IO1,"1,614,500,218","915,362","9,221,103","1,013,004","1,843,415,160","4,434,230","7,831","695,678","3,514,553","516,155","25,239","2,956,444","2,710,250","5,923,226","5,757,890","188,855","726,682",189,"144,765","6,319","91,997","314,241","45,545","5,162,004","156,017","11,866,451","2,535,614","2,567,683","1,684,370","319,097","246,591","456,880","4,040,473",492,"81,839,002","591,324,920","1,053,190","81,062","612,215","2,741,987","62,664","157,765","8,064,429","32,433","3,783","76,531","195,565","39,281","980,712","1,242,202","1,597,243","2,343,161","52,338","1,032",198,"4,517,111","1,418,950","3,308",0
IO2,0,"6,444,728",0,0,0,0,0,0,0,0,0,0,0,0,0,0,0,0,0,0,0,0,0,0,0,0,0,0,0,0,0,0,0,0,"22,047,461","86,827,453",0,0,0,0,0,0,0,0,0,0,0,0,0,0,0,0,0,0,0,"7,277,000",0,0,0
IO3,"33,959,832","2,518,723","12,399,286,595","404,295,616","34,446,827","12,027,357","4,729,452","4,482,900","4,697,847","13,997,616","889,997","107,995,712,746","8,372,401,802","17,519,837","241,088,114","1,608,665,069","59,264,587","121,815","64,029,815","4,740,623","4,773,715","26,281,077","875,201","11,019,922,297","21,075,846","462,770,911","665,276,767","122,148,809","389,750,125","311,199,986","262,662,968","551,486,882","118,393,381","488,472","7,512,892","45,252,701","6,907,749","11,765,794","16,392,048","14,764,666","3,991,154","701,207","38,047,195","322,677","10,440,294","28,066,147","6,569,439","515,557","48,488,977","358,672,140","44,690,475","99,790,029","12,098,392","109,150","131,571","2,308,981","4,435,956","7,030,021",0
IO4,0,0,"2,441,746,247","1,761,842,372",0,"5,059",0,"147,025",0,0,0,0,"1,724,853",0,"15,321,101","3,370,611",0,0,0,"32,102",0,0,"5,316",42,0,"31,957,021","12,789,569",0,0,0,0,0,0,0,0,0,0,0,0,0,0,0,0,0,0,0,0,0,0,0,"193,543",0,0,0,0,"7,396",0,0,0
IO5,"548,130,337","16,384,314","357,891","199,536","287,015,470","84,809","18,747","86,112","256,696","11,100","8,063","2,278,965","157,351","60,976","13,568,840","1,512,538","325,560",984,"148,647","244,034","101,146","1,005,689","6,122","464,476","11,936","1,835,998","1,433,433","762,104","7,370,500","753,381","59,305","2,629,774","9,387,170",629,"109,474,860","1,664,067,129","206,200","372,662","43,672","125,304","25,576,184","81,663","9,784,289","995,817","105,977","4,327,708","9,839,640","555,023","7,801,179","11,144,750","3,155,055","6,723,715","5,011,001",234,"73,966","13,053,916","167,453","63,835",0
IO6,"1,181",104,"6,832","3,967","2,160,827","674,336",373,"124,238","3,983",291,"3,577","2,059,259","10,242","1,002","10,957","53,790","195,173",946,"57,517","264,688","337,409","1,130,032",103,"148,750",72,"16,559,864","6,720,831","638,800","1,364,522","494,234","255,155","31,580,878","590,431",320,"102,323,441","138,946,762","822,686","4,479,531","39,620","1,114,229","444,152","93,745","951,249","1,157,977","113,000","2,164,625","14,340,280","645,347","5,896,592","12,385,779","5,376,292","7,448,459",127,4,3,"469,234",116,289,0
IO7,"111,350","9,803","456,587","156,409","95,285","23,679","38,211,914","18,797,670","17,499","377,929","3,225","902,640","512,510","1,744,978","1,062,242","519,924","202,274",177,"242,718","3,557","7,061,914","91,073","3,020","111,924","52,232","598,605","814,483","13,749","23,360","33,730","57,502","105,889","56,151",442,"8,687,175","142,212","189,949","13,647","62,841","6,975","4,423",335,"6,550","1,256","13,517","7,860","25,388",677,"52,950","1,040,061","23,763","9,337,274","38,286",408,238,"4,714","37,465","55,017",0
IO8,0,"880,701","11,219,566","2,815,589","35,597","45,885","289,903","2,048,432","218,268","967,580","218,268","2,109,613","1,066,392","3,205,903","2,988,705","731,625","385,985","218,268","218,268","218,268","191,950","335,670","65,154","1,050,301","338,531","603,480","2,170,964","218,268","108,685","167,735","218,268","3,765,137","2,253,205","218,268","670,962","4,241","2,909,638","1,624,029","232,283","218,268","218,268","218,268","429,215","218,268","218,268","218,268","1,358,182","78,842","1,596,747","35,051,313","2,261,072","1,214,589","1,091,242","161,424","150,397","450,287","218,268","218,268",0
IO9,"349,536","2,366","408,444","108,193","59,074","29,625","19,920","17,495","144,945,773","62,588","1,010","295,848","126,279","32,056","291,321","20,901,766","5,062,333",550,"86,369","334,958","89,372,848","105,871","9,204","224,478","15,813","91,421,232","168,479,509","147,973","13,647,207","129,463","84,613","184,645","126,927",478,"88,504","829,343","3,089,259","13,563","24,430","462,591","199,800","18,872","573,835","53,906","37,115","656,208","235,882","30,483","299,339","9,555,336","2,410,621","1,611,716","97,426","1,914","4,108","15,351","333,537","11,927",0
IO10,"3,736,126","597,917","1,915,393","1,864,556","22,102,361","1,299,890","2,104,894","1,225,596","1,853,877","224,780,259","14,713,047","3,067,541","3,787,390","12,468,759","33,047,306","3,662,620","5,161,864","17,708","121,393,187","25,692","262,016","2,862,095","3,884,408","1,892,124","2,275,762","1,856,180","161,624","1,880,849","5,905,851","607,712","1,864,620","1,884,018","183,683","74,514","1,867,439","10,986,174","2,899,390","812,661","1,969,854","1,950,283","1,892,721","1,853,215","3,761,790","1,860,858","1,856,522","1,992,745","1,899,533","1,855,746","6,582,668","2,578,170","50,549,154","237,347,913","1,870,373","2,160,583","1,849,979","1,852,210","523,045","1,850,265",0
IO11,"2,350",0,"3,200,215","2,361,108","6,843,137","244,071","143,870","2,423,796","2,493,873","131,999","54,625","4,030,216","106,271","2,238,095","8,625,370","14,054,513","1,794,408","1,230","494,210","198,945","689,541","4,457,672","205,523","4,476,868",0,"2,408,083","8,158,838","11,969,106","15,259,215","164,527","112,375","319,389","739,875","60,726","783,943","313,390","659,791","182,756","287,802","8,386,545","12,798","32,766","7,811,776","649,939","23,299","2,421,596","4,427,122","1,556,277","4,981,284","6,306,496","16,164,559","6,051,305","292,872","53,034","2,326","147,640","995,042","18,590",0
IO12,"32,256,073","23,847,258","4,256,336,597","892,450,364","36,228,748","21,697,844","349,401","10,991,644","3,192,493","1,089,218","1,829,581","218,011,463","1,286,218,459","59,266,637","412,749,303","28,960,968","42,527,101","10,009","14,847,322","1,172,168","2,953,369","20,671,770","239,623","174,915,339","87,909,429","842,291,726","868,765,475","11,325,460","171,269,253","650,008,138","1,279,733,723","2,581,575,488","443,362,462","6,116,079","29,936,007","49,734,852","72,808,355","86,761,234","460,686","128,852,945","344,639","1,261,285","72,220,013","2,724,019","58,909,738","29,405,545","1,751,715","1,715,581","51,665,677","1,274,792,830","41,871,033","43,131,859","4,211,040","35,747","21,386","21,396,271","13,772,941","627,809",0
IO13,"380,767,804","10,172,042","2,016,607,296","359,859,025","6,117,187","251,314,302","96,678","70,425,390","865,413","57,010,778","834,556","33,990,730","8,789,187,367","9,240,403","194,448,426","4,515,426","145,439,159","1,561","2,329,638","219,563","4,898,698","3,232,253","1,341,085","54,260,540","13,706,675","245,284,518","196,658,075","1,767,131","69,255,231","101,469,063","199,672,587","402,499,754","74,160,245","953,581","15,729,882","9,416,139","13,499,613","13,527,359","194,745","20,089,816","53,814","196,650","11,260,991","713,770","12,983,212","6,673,158","25,307,912","267,481","60,835,370","203,590,521","10,335,070","59,543,485","863,370","190,958","16,272","4,296,029","25,864,213","103,903",0
IO14,"15,948,424","7,551,949","116,876,249","78,360,436","34,923,855","14,108,806","366,630","533,818",0,"5,865,289","10,686,779","18,486,676","109,820","66,081,170","22,408,120","2,627,379","1,876,546","14,284","26,355","22,546","2,557,560","21,275","9,409,443","1,137,404","615,510","97,725,206","49,931,383",0,"11,809,511","1,365,276",0,"5,595","10,483,007","200,846",0,"13,387,386","1,409,990",0,0,0,0,0,0,0,0,"3,343,211",0,0,"95,712,739","28,199,190","38,643",0,"23,993","260,569",0,0,"1,105,771","5,591",0
IO15,"15,604,622",0,"16,515,659","44,352,092","67,605","25,652","191,929","29,278","5,088","2,495,314","1,572","41,385","41,991","7,851,888","1,423,222,444","1,476,551","252,514,192",134,"694,435","281,397","4,525,190","1,363,884","80,114","318,271","379,543","5,639,937,563","4,735,278,152","185,718","1,445,759","1,020,710","167,212","183,894","5,101,895","1,955","441,535","441,067","3,287,625","77,726","85,008","351,380","53,399","60,225","2,034,516","54,655","56,290","3,257,526","51,343","8,671","624,033","7,468,449","871,044","68,128,017","109,908",332,997,"700,895","93,915","2,403",0
IO16,0,"696,575","138,139,800","73,194,310","5,454,187","4,554,231","292,943","55,448,784","6,588,964","573,317",151,"17,682,422","2,845,363",0,"42,666,155","21,301,943,135","2,403,080,089","1,780","27,235,466","3,752,761","14,569,232","17,633,964","1,299,346","17,431,594","4,703,022","3,176,456,008","1,647,689,250","15,902,067","1,017,888","13,836,243","11,455,323","8,813,056","37,567,203","21,186","1,518,190",0,"1,606,442",0,"94,126,932",0,0,0,0,"716,930","15,558,225","6,064,263",0,0,"6,768,208","171,892","675,502","29,196","11,846","85,194",0,0,"2,914,490","34,634",0
IO17,0,"1,550,822","252,950,670","177,352,249","75,667,399","11,369,469","1,898,104","8,676,908","38,348,459","1,824,824","395,003","66,918,597","12,873,627","5,127,308","136,637,925","737,867,939","265,702,091","12,382","252,698,758","8,583,184","15,634,614","95,655,473","3,342,407","65,118,138","10,470,585","243,935,798","390,114,882","35,514,259","135,595,236","30,945,538","27,441,432","19,620,969","92,712,942","50,750","3,386,948","3,242,259","6,207,734",0,"209,559,731",0,0,0,0,"1,596,138","34,638,092","13,844,471",0,0,"26,532,173","181,359,677","2,675,855","6,721,246","754,981","189,673",0,"13,068","6,548,129","124,068",0
IO18,0,0,0,0,0,0,0,0,0,0,0,0,0,0,797,0,"1,535","2,128","163,365",0,0,"150,015",904,0,0,"2,077,664","6,850,377",0,0,"2,548","1,340","62,115","20,817",0,"17,721",0,"4,486","500,299","155,069",0,0,0,0,"3,759",0,0,642,0,"63,725","36,392","4,962","74,017",262,0,0,0,0,"438,194",0
IO19,774,0,"1,505,666",187,"1,112",860,34,55,29,2,9,"631,092","2,832,950",88,"103,945",311,"47,162,764","277,413","128,882,868","758,989",109,"58,541,454","166,934","3,413","2,724","322,943,030","946,408,197","6,935","332,807","375,341","1,165,125","8,100,826","7,284,228",53,"2,310,345","1,646,563","585,138","55,303,036","19,916,845",425,413,0,"5,209","490,034","1,009","145,738",0,7,"14,042,226","81,873,103","666,818","1,300,091","34,397",0,10,154,"30,222","92,421",0
IO20,0,"1,214,196","1,733,872",0,0,0,0,0,0,0,0,0,0,0,0,0,0,0,0,"41,333,437",0,"793,196,022",0,0,0,0,0,0,0,0,0,0,"992,777",0,0,0,0,0,0,0,0,0,0,0,0,0,0,0,"75,822","1,022,254","103,883",0,565,0,0,0,0,0,0
IO21,0,0,0,0,0,0,0,0,0,0,0,0,0,0,0,0,0,0,0,0,"1,148,674",0,0,0,0,"9,746,711",0,0,0,0,0,0,0,0,0,0,0,0,0,0,0,0,0,0,0,0,0,0,0,"863,207","1,869",0,"4,389",0,0,0,0,0,0
IO22,"59,483,927","7,184,667","2,016,322,823","1,228,334,379","29,626,968","57,215,378","7,608,357","24,276,299","12,413,113","1,738,970","2,764,036","449,324,771","227,044,637","24,387,858","203,135,424","100,677,345","188,610,864","52,265","29,525,288","36,446,386","3,900,221","273,638,188","2,146,542","308,657,600","59,370,893","150,678,293","267,112,607","32,834,109","2,408,339,037","106,098,394","134,492,565","2,448,592,943","247,753,704","4,591,144","134,544,185","19,638,703","1,346,878","359,187,012","856,751","430,854,803","71,860,146","15,964,300","235,911,405","1,418,883","1,794,303","16,899,058","14,850,383","5,831,382","102,989,140","1,086,658,668","330,129,081","453,847,159","20,144,461","72,110","1,650,822","3,615,162","27,704,208","77,208",0
IO23,"473,422","68,254","2,015,845","1,767,461","4,409","118,746","55,329","34,009","3,124","731,038","7,991","3,197","36,847","2,299,094","2,633,870","395,198","210,629",0,130,294,"33,022","1,261,670","5,608","88,092","92,547","1,776,284","2,313,217",0,"342,535","1,227","2,195","9,797","14,893",101,"68,020","15,449","13,930","6,442","30,457","13,987",60,"2,362","20,009","2,726","30,320","2,037","871,145",15,"1,238,190","2,707,614","427,632","72,349,826","23,094","1,480",103,"12,744","220,361",24,0
IO24,"1,094,154,148","53,406,485","1,340,360,288","142,534,969","81,082,128","212,601,755","759,565","67,395,285","6,224,113","62,156,818","2,423,842","143,125,993","91,402,389","340,857,380","462,152,080","160,499,315","77,733,937","17,305","12,072,234","16,191,562","10,875,269","29,665,117","5,584,290","6,875,997,270","20,344,604","861,488,568","214,855,637","211,023,102","1,671,241,721","32,918,672","31,067,516","42,134,031","438,217,935","129,677","382,016,985","393,013,599","221,087,689","99,715,005","54,957,127","159,661,970","14,696,313","13,170,502","1,000,101,893","3,005,835","13,077,647","8,020,754","17,614,567","2,512,510","92,659,206","209,668,896","252,895,864","396,321,051","7,070,829","127,141","72,414","107,076,421","98,304,079","400,991",0
IO25,"161,937",0,"46,584,793","12,442,739","3,608,375","372,455","1,478,167","465,882","2,857,152","7,301,749","472,168","30,580,584","1,880,906","33,096,125","13,176,805","6,403,759","118,351",111,"203,699","19,272","1,223,692","9,025","35,847,874","2,173,264","42,848,992","90,827,079","15,809,362","127,319,837","3,025,236","1,681,389","2,916,109","2,459,843","1,423,108",47,"2,483,033","154,477","81,002","1,662,552",0,0,0,0,0,0,0,"625,819",0,0,"72,240","42,274,383","9,349,925","62,291,032","1,222,414",0,0,"256,390",0,0,0
IO26,"6,740,396","3,172","49,466,478","190,868","2,048,911","162,259","34,750","1,378,655","59,073","36,346","71,715","1,214,021","381,618","48,026","4,220,842","6,350,859","6,432,407",953,"883,899","503,538","93,128","319,939","124,134","11,210,953","72,060","790,973,425","352,933,549","524,010","11,519,657","2,522,508","1,876,122","3,061,809","32,797,841","39,494","4,605,010","3,154,834","30,632,880","2,799,232","4,591,246","14,987,249","733,306","3,082,925","96,857,313","2,443,285","1,546,808","2,176,027","796,602","211,042","27,355,068","68,005,322","21,264,011","12,207,974","1,305,503","2,146","7,132","3,355,116","2,177,646","22,161",0
IO27,"122,967,652",0,"904,907,842","207,685","36,520,405","2,474,885","195,068","24,987,021","505,187","464,180","1,303,468","15,141,234","3,800,171","53,459","71,889,836","114,375,357","114,314,138","6,518","14,056,485","8,761,434","1,601,335","2,874,750","2,095,851","202,914,917","1,634,379","14,614,506,807","6,519,884,097","7,866,351","167,314,034","54,327,589","33,905,877","52,249,343","604,717,788","711,038","82,465,264","40,836,037","558,592,770","48,511,820","80,518,737","252,587,119","8,331,994","55,431,092","1,772,519,086","43,876,918","27,446,618","26,673,314","9,672,269","2,970,009","495,730,906","1,217,560,159","382,369,916","187,514,121","23,016,804",152,"42,960","61,532,300","33,266,104","25,426",0
IO28,"180,920,639","8,225,770","452,510,626","50,125,161","122,027,315","12,335,434","11,966,683","10,206,551","6,012,294","26,809,701","4,266,083","30,577,087","49,774,736","21,168,798","220,510,111","266,674,836","56,708,812","359,216","27,765,071","87,256,023","8,057,381","196,845,420","2,740,156","23,376,792","25,218,314","660,103,674","978,643,651","11,340,594","285,755,452","569,072,618","42,210,016","89,564,858","334,421,474","2,101,337","34,310,259","209,468,912","7,020,601","49,348,550","12,281,264","8,625,455","4,253,134","679,844","37,444,647","5,914,271","6,492,120","10,488,153","29,741,004","2,465,113","36,592,658","1,705,188,525","58,584,947","297,828,827","4,772,473","506,172","437,868","6,265,496","2,998,751","7,362,967",0
IO29,"1,210,384,247","67,705,382","2,019,863,173","633,460,601","903,230,337","100,244,185","104,273,183","94,519,810","67,960,457","196,067,735","31,333,189","2,043,976,302","1,352,366,409","122,584,313","1,091,218,358","2,218,666,735","752,959,762","2,496,972","678,979,066","516,222,687","69,437,051","1,339,456,889","21,526,941","291,936,278","36,550,278","4,863,225,612","7,033,077,749","71,271,203","151,586,029","267,601,159","356,145,307","747,215,455","293,431,107","3,971,090","223,953,273","1,522,031,051","58,135,760","229,301,746","207,663,836","68,356,326","33,410,744","3,715,509","67,245,973","11,093,860","44,530,532","76,017,456","215,618,339","8,969,203","300,468,243","1,388,080,209","170,592,485","1,990,592,595","15,792,204","3,756,765","2,776,319","43,213,410","36,187,238","101,149,122",0
IO30,"99,486,326","6,633,545","179,573,228","41,073,255","47,104,899","4,899,632","17,393,209","6,414,733","3,782,360","3,588,076","1,832,649","582,672,611","277,304,838","8,443,181","364,180,022","1,196,108,047","131,390,265","397,210","6,700,097","71,114,243","4,847,533","39,167,672","2,383,360","46,710,309","808,012","471,060,231","416,228,481","170,734,151","241,299,872","12,614,047","15,230,152","2,053,224","13,946,004","64,082,977","9,089,574","46,310,354","7,668,927","21,678,252","13,370,729","11,826,570","652,376","598,257","26,890,124","334,104","5,075,447","100,908,676","1,398,391","18,197,746","52,871,524","20,773,917","49,494,857","9,288,682","307,402","89,463","531,843","1,023,586","2,178,622","221,081",0
IO31,"62,156,756","4,133,465","785,360,491","21,258,060","30,744,138","3,263,626","10,843,890","3,982,896","2,342,381","4,726,594","1,143,820","375,155,846","178,441,127","5,276,240","258,836,765","745,981,309","81,807,166","261,433","4,873,199","45,834,170","2,995,089","21,449,500","1,105,385","32,098,659","1,168,186","302,070,116","281,623,487","142,913,822","202,108,049","20,351,079","110,360,954","246,366,425","31,122,270","39,864,630","4,642,611","29,782,073","4,800,310","2,565,428","8,219,302","5,583,311","470,234","336,184","4,918,829","133,347","2,959,363","46,521,358","891,751","9,390,187","31,570,506","63,382,097","9,449,076","8,036,375","724,336","57,178","273,588","516,403","2,051,657","124,984",0
IO32,"71,269,887","4,719,485","393,756,131","54,466,340","35,108,044","4,088,085","12,409,410","4,766,682","2,846,446","3,267,302","1,309,964","429,547,822","204,372,313","6,087,611","273,175,870","851,633,073","108,232,299","395,823","5,021,472","52,821,271","3,802,509","45,513,987","3,870,239","47,654,331","2,412,170","398,729,211","355,140,885","135,168,582","290,658,896","38,350,681","63,185,723","59,543,323","39,121,980","46,022,079","12,929,561","34,931,441","14,162,681","79,408,775","10,211,296","49,201,918","1,183,843","2,424,380","97,800,302","687,537","6,851,301","181,540,792","1,242,300","24,743,226","93,870,488","69,584,357","169,588,311","18,551,690","1,595,910","66,001","726,952","1,840,235","2,601,051","273,407",0
IO33,"48,078",0,"3,380,170,223","1,041,185","6,241,666","101,054","62,586","57,214","87,906","12,434,067","1,584","70,110,004","30,146,705","109,729","162,676,809","4,404,964","12,466,795","163,367","3,559,806","9,239,133","8,331","906,386","89,456","21,348,649","97,544","21,179,354","47,791,280","173,376,821","288,015,078","11,724,406","514,029,494","1,202,861,036","119,021,001","32,787","472,496","6,677,690","8,102,045","1,525,487","52,037","27,226,533","789,778","1,620,341","4,943,941","218,120","200,191","14,217,865","1,007,577","1,103,961","38,120,168","246,933,993","6,778,462","15,717,840","968,866","14,020","23,762","166,319","5,179,997","51,983",0
IO34,"1,463,313",0,"29,667,914","4,975,540","4,597,654","1,935,929","1,197,511","1,288,776","1,410,463","1,508,200","1,165,752","8,373,902","1,664,975","884,996","3,097,574","1,699,612","2,556,112","2,421,783","555,591","3,802,711","2,627,333","1,489,344","2,205,551","5,297,289","1,326,998","15,863,203","11,182,291","1,726,347","15,891,716","3,410,423","2,269,538","6,858,157","2,541,242","159,635","5,307,212","4,266,398","609,838","4,891,319","708,826","2,914,560","2,722,073","84,634","10,147,959","76,878","22,125","3,669,049","658,341","2,061,171","10,676,286","13,876,568","7,642,520","3,125,445","176,651","42,960","13,726","3,782","453,475","2,050,074",0
IO35,"6,805,392","127,834","55,972,221","24,230,605","12,669,230","354,668","123,829","58,375","610,629","189,770","462,622","2,005,048","893,884","98,986","5,009,330","102,512","417,289","10,593","186,508","982,920","959,898","1,041,339","222,876","18,176,961","357,248","3,391,822","55,173,807","385,022","17,399,516","1,284,238","2,854,982","76,901,735","5,613,235","6,663","15,122,762","2,664,738","1,530,879","37,878,083","233,446","7,621,571","1,639,503","53,122","11,654,618","169,825","109,893","7,062,577","470,706","14,160,548","2,417,827","249,197,780","12,554,792","47,347,669","8,363,793","473,182","445,446","27,900","1,133,026","207,082",0
IO36,"93,523","1,134,345","78,571,701","39,754,032","911,006","122,528","73,185","327,953","86,126","94,446","71,103","11,937,957","6,601,168","54,427","40,420,195","105,347","1,074,791","147,601","604,222","378,964","362,926","93,214","751,086","8,222,398","95,203","7,550,543","1,029,040","130,027","11,177,854","654,941","4,242,802","183,756,333","47,410,124","10,007","325,240","499,323","254,218","34,680,051","267,719","55,686,751","475,083","5,058","1,324,084","4,688","6,656","1,190,531","40,161","1,427,413","1,188,910","302,067,665","12,961,524","148,924,858","2,543,204","2,620",891,"1,042","27,414","124,974",0
IO37,"1,520,906",0,"84,389,376","7,428,009","13,488,696","12,216,668","951,742","22,769,458","47,049","1,523,582","811,198","11,513,417","4,272,626","10,466,574","49,569,728","4,103,612","15,545,038","4,281","923,013","3,703,903","230,873","28,277,948","1,130,104","17,812,848","2,293,112","41,170,177","146,664,186","154,675,789","284,970,901","32,986,725","6,612,576","93,304,916","17,828,480","406,579","45,447,392","13,503,602","55,558,651","366,301,849","5,700,712","145,322,740","7,078,912","13,634,062","106,175,741","4,883,064","817,497","17,697,660","27,308,709","19,389,581","60,955,403","214,089,360","158,527,113","267,989,967","6,392,785","325,500","22,224","4,672,310","11,171,832","117,584",0
IO38,"33,975,177","15,153,125","532,558,243","79,481,264","8,312,164","5,343,873","670,394","59,123,263","998,776","3,535,389","1,048,625","70,816,931","35,114,171","14,847,053","50,968,438","6,916,294","47,260,879","132,338","16,611,955","14,201,989","3,102,378","35,427,291","1,433,679","12,644,686","5,477,789","112,984,714","229,866,949","229,282,939","275,121,419","18,554,293","3,553,076","256,153,446","207,971,844","52,234","52,640,274","20,932,805","237,531,786","1,135,485,596","15,307,246","770,497,069","159,345,519","152,101,879","455,126,934","23,272,564","2,050,699","101,543,918","50,440,019","6,911,813","101,509,991","601,486,283","278,397,840","379,363,584","33,796,266","544,438","1,175,707","10,240,412","75,566,102","2,062,154",0
IO39,"3,415",0,"9,770,438","22,876","3,808,618","4,144,818","63,649","631,624","388,732","32,494","93,526","22,518,828","39,665,290","227,205","6,558,841","1,136,964","1,143,756",869,"921,869","953,661","499,737","2,175,687","3,577","31,963,116","4,601","6,397,521","38,817,945","424,674","54,765,132","319,493","5,945,513","2,281,049","2,474,823","5,302","13,808,156","641,480","6,597,012","1,667,176,912","9,581,195","375,422,062","33,983,706","18,823,927","5,100,495","3,564,683","101,378","75,934,970","229,352","3,023,746","35,320,573","46,963,348","49,941,131","27,811,053","1,107,444",590,"124,104","113,359","4,113,500","81,147",0
IO40,"141,453,725","994,807","1,578,974,631","764,116,417","334,687,398","20,438,935","20,356,372","5,901,962","11,509,974","31,170,446","137,268","554,370,274","486,170,151","62,436,040","397,003,365","394,310,362","43,254,284","1,122,800","230,126,619","141,175,453","11,488,207","405,602,210","4,101,722","831,338,377","11,361,317","2,777,090,546","1,210,535,193","195,380,032","3,183,620,609","90,272,255","126,823,492","1,099,413,778","261,015,533","3,664,712","221,993,507","271,996,114","89,787,951","1,435,857,668","93,653,799","5,711,415,603","843,103,187","772,342,323","4,253,434,694","39,548,012","748,247,316","787,369,222","93,375,722","205,769,586","1,071,847,825","2,910,245,832","1,100,549,536","2,271,833,638","19,780,117","140,103","6,023,130","78,675,744","79,231,493","97,378,301",0
IO41,"2,671,122","74,574","566,892,681","269,830,331","2,378,455","2,561,902","156,024","10,942,795","7,249,963","8,208,898","1,949,966","68,795,138","23,131,804","3,671,237","55,566,180","204,987,645","126,385,598","13,127","8,482,233","31,851,082","517,203","2,448,770","5,620,707","123,524,759","1,508,210","116,596,325","316,584,596","4,331,056","79,323,303","24,590,437","50,203,737","121,400,110","133,575,221","131,562","76,872,814","5,063,829","636,130","65,512,346","5,443,468","165,592,280","320,896","95,876","16,119,490","2,192,421","338,903","23,764,035","604,410","3,774,674","163,778,284","155,423,370","201,200,805","111,984,962","1,198,553","5,678","204,183","1,628,504","8,920,450","295,143",0
IO42,"6,028,952","1,581","68,772,635","14,810,014","8,268,764","993,460","1,160,777","703,694","824,828","1,541,734","53,908","1,889,856","19,497,184","6,831,378","10,881,682","27,111,816","6,458,385","2,476","10,153,244","8,258,213","957,640","25,146,886","438,419","8,366,813","1,247,905","97,486,024","59,669,669","17,660,150","268,050,865","5,192,567","7,928,423","47,252,764","6,245,838","311,548","17,882,739","12,783,199","5,529,916","89,211,395","5,611,068","492,702,882","45,628,685","31,698,133","177,878,860","4,819,934","22,935,692","34,253,807","7,249,310","11,430,283","51,190,284","11,655,325","63,589,001","118,329,018","919,490",77,"267,324","3,467,401","6,087,290","4,139,707",0
IO43,"6,648,153","130,187","187,315,033","44,445,467","20,615,587","13,548,251","9,056,429","7,757,697","12,356,815","1,479,475","131,572","45,520,129","2,217,308","15,840,386","145,548,146","14,209,980","91,524,378","287,680","15,814,814","8,978,089","128,506","48,435,397","4,994,540","112,897,036","8,029,148","319,610,533","350,178,356","81,965,347","1,320,555,664","68,770,346","40,620,417","111,194,011","69,728,010","210,598","52,100,632","450,508,945","210,171,861","9,764,333","5,275,402","267,533,280","112,642,225","10,652,339","324,332,697","30,372,878","19,182,312","371,973,491","130,185,554","17,329,162","162,433,584","771,851,366","235,046,243","917,799,200","35,931,385","1,028,856","2,443,981","8,053,636","187,499,517","3,034,477",0
IO44,"3,080,551",0,"240,510,111","22,996,486","2,522,613","2,292,203","1,179,929","3,276,808","1,858,774","1,699,822","285,415","21,627,781","14,999,437","3,386,568","37,938,590","60,256,305","17,025,011","18,495","1,002,938","1,132,927","2,586,052","62,640,070","692,070","26,752,244","1,111,488","45,598,172","46,731,425","27,369,134","55,562,107","34,065,657","24,266,319","23,825,780","33,401,200","220,250","16,394,983","5,470,294","242,768,116","6,456,448","202,335","551,954,014","78,677,295","25,183,005","840,319,407","234,426,858","4,986,176","14,436,077","7,367,933","3,224,338","61,090,934","66,035,864","20,266,918","83,825,680","2,215,488","12,478","131,304","12,680,602","10,672,979","218,769",0
IO45,0,0,0,"35,075,583",0,0,0,"2,813,658","463,581",0,0,0,0,0,0,0,0,0,"16,020,471",0,"27,145,742","158,262,777",0,0,0,"26,891,358","148,579,055",0,"28,647,007",0,"8,811,674",0,"37,341,332",0,0,"5,379,085",0,"44,514,532",0,0,0,0,0,"10,683,155","1,158,857,145","80,279,466",0,0,"34,915,530","2,397,058,761","1,024,605,377","325,627,872","37,851,227",0,"7,636,185",0,0,0,0
IO46,0,0,"759,269,653","201,444,350","6,510,298",0,0,0,0,0,0,"128,878,982","33,922,662","10,134,433","22,681,533","1,938,183","3,733,077","3,975","178,015","20,408,138","1,864,271","16,924,225","5,044,017","35,790,858","1,296,618","3,067,495,687","1,819,014,743",0,0,0,"29,388,258","19,890,663","67,513,841","156,817","13,721,360","55,627","439,206,229","41,515,663","24,449,994","222,637,585",0,0,"10,812,959","10,805,715","4,142,102","2,295,488,803",0,"17,544,229","40,477,480","388,833,711","44,859,673","56,235,922","2,176,669",0,"3,314,121","192,225",0,0,0
IO47,"3,213,193",0,"179,567,769","6,766,889","37,722,444","34,894,714","2,699,813","38,905,537","67,069","3,402,188","2,312,900","10,936,376","9,925,882",0,"103,436,254","9,726,911","32,077,898","3,031","7,118","10,894,782","507,236","3,603,143","464,187","16,136,498","1,578,115","4,922,829","174,688,781","245,009,248","799,261,286","11,522,447","7,328,402","119,537,955","25,518,211","7,058","84,543,054","13,150,049","975,401","87,353,503","12,689,451","298,388,952","21,258,996","42,836,943","174,668,195","2,828,527",0,"1,713,136","397,054","31,392,198","90,771,157","546,661,065","42,218,533","114,087,247","12,601,215",0,0,"8,464,978","15,850,132",0,0
IO48,"43,832",0,"1,417,205","10,562","61,257","48,699","1,943","3,102","1,652",108,"6,177","30,542","97,444","5,008","224,772","608,579","129,548",92,"2,069","2,022,482","402,989","1,033,789",793,"193,215","154,170","3,450,526","3,587,263","392,546","8,549,282","2,442,556","309,983","603,164","464,613","3,000","15,346,457","59,434","43,021","23,650,341","2,011","24,043","23,371",0,"17,172,302",0,"57,090","1,720,424",0,"5,528,016","749,055","177,690,871","22,481,614","5,534,951","2,037,513",12,577,"8,706","6,654,431",179,0
IO49,"143,922,922",0,"1,105,886,256","135,341,161","23,216,375","19,885,437","251,494","22,637,820","4,739,315","625,715","59,960","79,587,672","19,006,162","631,322","11,073,444","5,716,907","15,585,494","11,597","1,187,670","104,761","6,026,138","44,627,838","511,040","76,104,238","18,363,804","299,827,605","577,017,242","46,895,051","337,044,427","297,866,389","61,837,069","101,225,126","196,164,915","2,742,782","86,108,803","60,126,553","4,230,694","162,666,549","650,219,285","335,349,469","3,117,857","56,063,825","510,610,943","10,418,515","51,952,484","26,189,322","1,751,943","437,025","589,945,039","3,973,588,684","475,994,489","600,558,068","89,780,984","3,736","371,093","21,458,760","463,172","166,252",0
IO50,"5,857,253","625,599","103,464,319","11,016,989","11,709,978","4,204,531","1,254,147","2,728,798","1,675,805","3,124,764","432,747","14,477,067","39,944,986","3,564,770","36,486,672","101,441,413","21,813,050","38,965","9,571,870","6,159,905","1,379,079","19,114,661","477,336","59,476,774","2,204,170","258,309,293","142,784,391","16,415,311","89,336,915","20,284,496","21,072,896","95,989,621","19,133,496","547,250","12,858,077","29,167,381","10,881,895","63,143,885","7,297,212","64,447,110","22,400,802","6,524,692","70,646,463","2,021,972","8,063,807","20,331,851","4,818,879","2,148,517","18,835,543","455,884,091","14,314,143","50,873,739","6,865,287","90,083","447,990","1,903,013","5,713,465","1,605,509",0
IO51,"3,886,791","179,205","398,190,530","14,980,100","3,622,349","393,497","312,619","275,699","176,653","603,405","95,910","50,122,632","21,985,399","413,808","3,659,560","5,943,060","11,383,791","9,928","1,752,848","2,006,373","155,178","4,719,635","703,684","18,350,250","569,644","306,799,736","36,227,848","1,704,586","13,003,216","9,481,584","10,406,569","61,954,573","27,296,802","21,472","973,028","7,211,487","1,182,167","55,923,831","317,223","206,126,346","674,928","63,472","2,684,360","168,474","318,847","5,421,274","1,211,004","128,809","29,391,083","666,860,501","655,306,903","14,548,767","10,290,162","15,790","21,310","8,404,417","903,979","176,717",0
IO52,"56,752,261","2,723,529","57,758,249","17,145,322","52,987,232","2,851,733","4,052,773","3,523,465","1,768,970","9,073,084","1,427,828","4,836,263","14,007,371","4,991,611","40,950,141","88,660,673","19,308,439","124,375","8,947,673","29,840,224","2,065,371","67,056,641","879,346","2,864,672","1,111,896","206,519,418","308,175,350","2,480,946","5,363,553","7,257,336","13,569,904","30,454,370","7,698,607","164,388","20,435,452","73,314,350","2,508,040","11,573,280","4,171,132","3,269,020","1,536,482","187,450","3,273,931","485,374","879,533","1,984,513","9,568,406","437,937","11,016,035","5,526,887,123","71,123,453","8,403,513,584","2,335,239","169,724","132,323","1,940,837","963,319","2,471,687",0
IO53,0,0,"20,097",702,"52,800",0,0,0,0,0,0,"2,556","1,072",0,6,0,"3,925",0,56,0,0,0,32,881,0,"14,683","4,422",0,0,342,432,"3,032","1,296",0,"43,003","6,722",0,"2,830",1,"10,564",0,0,0,0,0,149,0,0,"1,412","133,214,541","810,454","36,231,993","610,974",0,0,424,0,0,0
IO54,0,0,0,0,0,0,0,0,0,0,0,0,0,0,0,0,0,0,0,0,0,0,0,0,0,0,0,0,0,0,0,0,0,0,0,0,0,0,0,0,0,0,0,0,0,0,0,0,0,"2,255,786","256,038",0,"37,388",0,0,0,0,0,0
IO55,0,0,0,0,0,0,0,0,0,0,0,0,0,0,0,0,0,0,0,0,0,0,0,0,0,0,0,0,0,0,0,0,0,0,"878,952",0,"10,533,498",0,0,0,0,0,0,0,0,0,0,0,"5,831",0,0,0,0,0,0,0,0,0,0
IO56,"1,236,645","86,221","5,782,570","1,483,826","1,412,329","557,067","126,423","631,913","42,688","238,731","62,589","566,112","600,932","110,581","3,404,552","2,000,186","898,735","2,758","208,195","786,066","55,666","1,473,783","42,638","532,615","48,595","4,680,473","9,033,480","3,538,857","12,141,565","344,985","508,510","7,072,376","1,759,348","3,624","13,561,145","1,865,864","145,511,475","2,360,413","274,131","5,802,955","382,574","612,172","2,672,480","61,565","25,690","230,544","255,365","491,928","1,666,577","219,360,403","1,364,016","7,604,797","891,524","3,946","3,641","10,001,707","314,737","52,935",0
IO57,"5,900,819",0,"81,356,098","63,622","886,422","21,594","14,434","12,319","19,695","2,357",210,"70,461","2,346","25,247","224,619","22,648","145,707",459,"25,102","14,283",168,"7,760,238","1,047,774","1,044,470","12,797","508,244","558,123","130,639","35,965,159","109,568","641,750","143,677","667,773",336,"40,587,017","717,994","3,297,668","9,275","8,367","416,250","179,477","57,211","516,808","48,409","30,573","10,108,935","207,494","27,382","258,796","662,600,342","70,639,890","167,428,771","55,428,068","1,640","1,272,875","12,836","298,843","4,836",0
IO58,0,0,0,0,0,0,0,0,0,0,0,0,0,0,0,0,0,0,0,0,0,0,0,0,0,0,0,0,0,0,0,0,0,0,0,0,0,0,0,0,0,0,0,0,0,0,0,0,0,0,0,0,0,0,0,0,0,0,0
IO59,0,0,0,0,0,0,0,0,0,0,0,0,0,0,0,0,0,0,0,0,0,0,0,0,0,0,0,0,0,0,0,0,0,0,0,0,0,0,0,0,0,0,0,0,0,0,0,0,0,0,0,0,0,0,0,0,0,0,0
,,,,,,,,,,,,,,,,,,,,,,,,,,,,,,,,,,,,,,,,,,,,,,,,,,,,,,,,,,,
